[{
    "synsetId": "02691156",
    "name": "airplane,aeroplane,plane",
    "children": [
      "02690373",
      "02842573",
      "02867715",
      "03174079",
      "03335030",
      "03595860",
      "04012084",
      "04160586",
      "20000000",
      "20000001",
      "20000002"
    ],
    "numInstances": 4045
  },
 {
    "synsetId": "02690373",
    "name": "airliner",
    "children": [
      "03809312",
      "04583620"
    ],
    "numInstances": 1490
  },
  {
    "synsetId": "03809312",
    "name": "narrowbody aircraft,narrow-body aircraft,narrow-body",
    "children": [],
    "numInstances": 14
  },
 {"synsetId": "04583620"},
 {"synsetId": "02842573"},
 {"synsetId": "02867715"},
 {"synsetId": "03174079"},
 {"synsetId": "03335030"},
 {"synsetId": "03595860"},
 {"synsetId": "03321419"},
 {"synsetId": "03604311"},
 {"synsetId": "04012084"},
 {"synsetId": "04160586"},
 {"synsetId": "03373611"},
 {"synsetId": "20000000"},
 {"synsetId": "20000001"},
 {"synsetId": "20000002"},
 {"synsetId": "02747177"},
 {"synsetId": "02773838"},
 {"synsetId": "03986949"},
 {"synsetId": "02801938"},
 {"synsetId": "03482405"},
 {"synsetId": "03050864"},
 {"synsetId": "04582349"},
 {"synsetId": "02808440"},
 {"synsetId": "02818832"},
 {"synsetId": "02831724"},
 {"synsetId": "02920083"},
 {"synsetId": "02920259"},
 {"synsetId": "03114504"},
 {"synsetId": "03115762"},
 {"synsetId": "03388549"},
 {"synsetId": "03482252"},
 {"synsetId": "03962852"},
 {"synsetId": "04222210"},
 {"synsetId": "03540914"},
 {"synsetId": "20000004"},
 {"synsetId": "20000005"},
 {"synsetId": "20000006"},
 {"synsetId": "20000007"},
 {"synsetId": "02828884"},
 {"synsetId": "03360622"},
 {"synsetId": "03891251"},
 {"synsetId": "03920867"},
 {"synsetId": "04177820"},
 {"synsetId": "04590021"},
 {"synsetId": "02834778"},
 {"synsetId": "02843684"},
 {"synsetId": "02871439"},
 {"synsetId": "02876657"},
 {"synsetId": "02823428"},
 {"synsetId": "03359566"},
 {"synsetId": "02952374"},
 {"synsetId": "03603722"},
 {"synsetId": "03923379"},
 {"synsetId": "03983396"},
 {"synsetId": "04591713"},
 {"synsetId": "02880940"},
 {"synsetId": "04263257"},
 {"synsetId": "02924116"},
 {"synsetId": "04146614"},
 {"synsetId": "04487081"},
 {"synsetId": "02933112"},
 {"synsetId": "03018349"},
 {"synsetId": "03237340"},
 {"synsetId": "03742115"},
 {"synsetId": "20000008"},
 {"synsetId": "20000009"},
 {"synsetId": "20000010"},
 {"synsetId": "20000011"},
 {"synsetId": "20000012"},
 {"synsetId": "20000013"},
 {"synsetId": "02942699"},
 {"synsetId": "02884994"},
 {"synsetId": "03196062"},
 {"synsetId": "04569063"},
 {"synsetId": "03358726"},
 {"synsetId": "03789171"},
 {"synsetId": "02946921"},
 {"synsetId": "02823510"},
 {"synsetId": "04255586"},
 {"synsetId": "02954340"},
 {"synsetId": "02799323"},
 {"synsetId": "03049924"},
 {"synsetId": "03610682"},
 {"synsetId": "04387095"},
 {"synsetId": "02958343"},
 {"synsetId": "02701002"},
 {"synsetId": "02814533"},
 {"synsetId": "02930766"},
 {"synsetId": "03100240"},
 {"synsetId": "03119396"},
 {"synsetId": "03141065"},
 {"synsetId": "03881534"},
 {"synsetId": "03498781"},
 {"synsetId": "03543394"},
 {"synsetId": "03594945"},
 {"synsetId": "03670208"},
 {"synsetId": "03770679"},
 {"synsetId": "03870105"},
 {"synsetId": "04037443"},
 {"synsetId": "04322801"},
 {"synsetId": "04097373"},
 {"synsetId": "04166281"},
 {"synsetId": "04285008"},
 {"synsetId": "04285965"},
 {"synsetId": "04459122"},
 {"synsetId": "03001627"},
 {"synsetId": "02738535"},
 {"synsetId": "02957862"},
 {"synsetId": "03262932"},
 {"synsetId": "04593077"},
 {"synsetId": "03786621"},
 {"synsetId": "04062428"},
 {"synsetId": "03002210"},
 {"synsetId": "04429376"},
 {"synsetId": "03002711"},
 {"synsetId": "03260849"},
 {"synsetId": "03376595"},
 {"synsetId": "02946270"},
 {"synsetId": "03168217"},
 {"synsetId": "03632729"},
 {"synsetId": "03649674"},
 {"synsetId": "04099969"},
 {"synsetId": "04331277"},
 {"synsetId": "04590933"},
 {"synsetId": "04373704"},
 {"synsetId": "04576002"},
 {"synsetId": "20000015"},
 {"synsetId": "20000016"},
 {"synsetId": "20000018"},
 {"synsetId": "20000019"},
 {"synsetId": "20000020"},
 {"synsetId": "20000021"},
 {"synsetId": "20000022"},
 {"synsetId": "20000023"},
 {"synsetId": "20000024"},
 {"synsetId": "20000025"},
 {"synsetId": "20000026"},
 {"synsetId": "20000027"},
 {"synsetId": "03046257"},
 {"synsetId": "02694662"},
 {"synsetId": "03909406"},
 {"synsetId": "03452594"},
 {"synsetId": "04548280"},
 {"synsetId": "03085013"},
 {"synsetId": "03207941"},
 {"synsetId": "03211117"},
 {"synsetId": "03196598"},
 {"synsetId": "03676759"},
 {"synsetId": "03211616"},
 {"synsetId": "03361380"},
 {"synsetId": "03782190"},
 {"synsetId": "03085219"},
 {"synsetId": "04152593"},
 {"synsetId": "02769075"},
 {"synsetId": "03085602"},
 {"synsetId": "03261776"},
 {"synsetId": "03325088"},
 {"synsetId": "03775636"},
 {"synsetId": "04559451"},
 {"synsetId": "03337140"},
 {"synsetId": "04529681"},
 {"synsetId": "03467517"},
 {"synsetId": "02676566"},
 {"synsetId": "03513137"},
 {"synsetId": "03379051"},
 {"synsetId": "03492922"},
 {"synsetId": "04265428"},
 {"synsetId": "03593526"},
 {"synsetId": "04522168"},
 {"synsetId": "03624134"},
 {"synsetId": "02812949"},
 {"synsetId": "03158885"},
 {"synsetId": "03636649"},
 {"synsetId": "03367059"},
 {"synsetId": "04380533"},
 {"synsetId": "03642806"},
 {"synsetId": "03691459"},
 {"synsetId": "04349401"},
 {"synsetId": "04502670"},
 {"synsetId": "04599124"},
 {"synsetId": "03710193"},
 {"synsetId": "03759954"},
 {"synsetId": "03761084"},
 {"synsetId": "03790512"},
 {"synsetId": "03769722"},
 {"synsetId": "03785016"},
 {"synsetId": "04466871"},
 {"synsetId": "03797390"},
 {"synsetId": "02824058"},
 {"synsetId": "03063599"},
 {"synsetId": "03928116"},
 {"synsetId": "03452741"},
 {"synsetId": "03086457"},
 {"synsetId": "04515003"},
 {"synsetId": "03938244"},
 {"synsetId": "03948459"},
 {"synsetId": "04086273"},
 {"synsetId": "03991062"},
 {"synsetId": "03957315"},
 {"synsetId": "04004475"},
 {"synsetId": "03280644"},
 {"synsetId": "03643737"},
 {"synsetId": "04074963"},
 {"synsetId": "04090263"},
 {"synsetId": "02961451"},
 {"synsetId": "04250224"},
 {"synsetId": "04099429"},
 {"synsetId": "03773504"},
 {"synsetId": "02693413"},
 {"synsetId": "02781338"},
 {"synsetId": "03466162"},
 {"synsetId": "02929923"},
 {"synsetId": "04363210"},
 {"synsetId": "04225987"},
 {"synsetId": "04256520"},
 {"synsetId": "03100346"},
 {"synsetId": "03164605"},
 {"synsetId": "03015149"},
 {"synsetId": "04344873"},
 {"synsetId": "03165096"},
 {"synsetId": "03693474"},
 {"synsetId": "04177755"},
 {"synsetId": "20000028"},
 {"synsetId": "20000029"},
 {"synsetId": "20000030"},
 {"synsetId": "04330267"},
 {"synsetId": "04379243"},
 {"synsetId": "02699629"},
 {"synsetId": "02874214"},
 {"synsetId": "02894337"},
 {"synsetId": "02964075"},
 {"synsetId": "02964196"},
 {"synsetId": "03063968"},
 {"synsetId": "03090000"},
 {"synsetId": "03092883"},
 {"synsetId": "03116530"},
 {"synsetId": "02789487"},
 {"synsetId": "04255768"},
 {"synsetId": "04591631"},
 {"synsetId": "03011741"},
 {"synsetId": "04061681"},
 {"synsetId": "03179701"},
 {"synsetId": "04164868"},
 {"synsetId": "04608329"},
 {"synsetId": "03238586"},
 {"synsetId": "03246933"},
 {"synsetId": "03620967"},
 {"synsetId": "03850492"},
 {"synsetId": "03904060"},
 {"synsetId": "04436012"},
 {"synsetId": "03982430"},
 {"synsetId": "04301000"},
 {"synsetId": "03653583"},
 {"synsetId": "04381587"},
 {"synsetId": "04398951"},
 {"synsetId": "04603729"},
 {"synsetId": "03231368"},
 {"synsetId": "04600486"},
 {"synsetId": "03630262"},
 {"synsetId": "20000036"},
 {"synsetId": "20000037"},
 {"synsetId": "20000038"},
 {"synsetId": "20000039"},
 {"synsetId": "20000040"},
 {"synsetId": "20000041"},
 {"synsetId": "04401088"},
 {"synsetId": "03179910"},
 {"synsetId": "03488438"},
 {"synsetId": "04044498"},
 {"synsetId": "02992529"},
 {"synsetId": "04460130"},
 {"synsetId": "02814860"},
 {"synsetId": "02826886"},
 {"synsetId": "03029197"},
 {"synsetId": "03047052"},
 {"synsetId": "03519387"},
 {"synsetId": "04028581"},
 {"synsetId": "04206790"},
 {"synsetId": "04220250"},
 {"synsetId": "04312432"},
 {"synsetId": "04361260"},
 {"synsetId": "04501947"},
 {"synsetId": "04556948"},
 {"synsetId": "03347617"},
 {"synsetId": "04468005"},
 {"synsetId": "02971579"},
 {"synsetId": "03394480"},
 {"synsetId": "03896233"},
 {"synsetId": "03078802"},
 {"synsetId": "04349306"},
 {"synsetId": "04530566"},
 {"synsetId": "02858304"},
 {"synsetId": "02792552"},
 {"synsetId": "03545470"},
 {"synsetId": "03981566"},
 {"synsetId": "02947660"},
 {"synsetId": "03329663"},
 {"synsetId": "03464628"},
 {"synsetId": "03790230"},
 {"synsetId": "02932891"},
 {"synsetId": "03859170"},
 {"synsetId": "04273569"},
 {"synsetId": "03939178"},
 {"synsetId": "03977592"},
 {"synsetId": "04024983"},
 {"synsetId": "04095210"},
 {"synsetId": "04158807"},
 {"synsetId": "04244997"},
 {"synsetId": "02951358"},
 {"synsetId": "03254374"},
 {"synsetId": "03609235"},
 {"synsetId": "03199901"},
 {"synsetId": "04115456"},
 {"synsetId": "04409128"},
 {"synsetId": "03351262"},
 {"synsetId": "03900194"},
 {"synsetId": "04128837"},
 {"synsetId": "02793199"},
 {"synsetId": "03045228"},
 {"synsetId": "04128499"},
 {"synsetId": "02981792"},
 {"synsetId": "04194289"},
 {"synsetId": "02965300"},
 {"synsetId": "03095699"},
 {"synsetId": "03845190"},
 {"synsetId": "03541269"},
 {"synsetId": "03896103"},
 {"synsetId": "03673027"},
 {"synsetId": "03141327"},
 {"synsetId": "03947888"},
 {"synsetId": "04146862"},
 {"synsetId": "04224543"},
 {"synsetId": "04309348"},
 {"synsetId": "04409011"},
 {"synsetId": "04552696"},
 {"synsetId": "02687172"},
 {"synsetId": "02956393"},
 {"synsetId": "03140900"},
 {"synsetId": "02811618"},
 {"synsetId": "03180504"},
 {"synsetId": "03180732"},
 {"synsetId": "03465151"},
 {"synsetId": "03718212"},
 {"synsetId": "04348184"},
 {"synsetId": "04347754"},
 {"synsetId": "02755529"},
 {"synsetId": "03811295"},
 {"synsetId": "04363082"},
 {"synsetId": "04567746"},
 {"synsetId": "04610013"},
 {"synsetId": "04554684"},
 {"synsetId": "04591713"}]
